create database OLX 
use OLX

drop table seller


create table Seller 
(Sell_id int primary key,
Sell_Name varchar(50),
Sell_Email varchar(50),
Sell_Address varchar(50),
Sell_phoneNo varchar(50),
)
INSERT INTO Seller(Sell_id ,
Sell_Name ,
Sell_Email ,
Sell_Address ,
Sell_phoneNo
)
VALUES (01,'Abdullah','abdullah123@hy.com','123 D3 wpada town lahore',0234132123 ),
(02,'ali','aliahmad123@hmail.com','23 f1 dha phase 3 lahore',09872312231),
(03,'riaz','raiz@rt.com','121 D9 bharia town sector 4 karachi', 032332323),
(04, 'annas','annas34@jik.com','34 t2 E 11 islamabad',930232323),
(05,'Abdul moed','abdullah123@hy.com','141 cantt lahore',02341233480328),
(06,'aliakram','aliakram123@hmail.com','23 tower 33 emmar dha phase 8 karachi',0987243242331),
(07,'fiaz','faiz@yahoo.com','121  b1 bharia town sector 2 lahore', 032331278083),
(999, 'danish','danish34@jik.com','34 t2 E 7 austia',930232323),
(345,'manan','manan@yahoo.com','34 e1 florida', 132331278083),
(08, 'jawad','jawad23@jik.com','34 t2 E 7 shaiwal',930232323),
 (32,'Abdullah','abdullah123@hy.com','123 D3 wpada town lahore',0234132123 ),
(33,'ali','aliahmad123@hmail.com','23 f1 dha phase 3 lahore',09872312231),
(34,'riaz','raiz@rt.com','121 D9 bharia town sector 4 karachi', 032332323),
(35, 'annas','annas34@jik.com','34 t2 E 11 islamabad',930232323),
(36,'Abdul moed','abdullah123@hy.com','141 cantt lahore',02341233480328),
(37,'aliakram','aliakram123@hmail.com','23 tower 33 emmar dha phase 8 karachi',0987243242331),
(38,'fiaz','faiz@yahoo.com','121  b1 bharia town sector 2 lahore', 032331278083),
(39, 'danish','danish34@jik.com','34 t2 E 7 austia',930232323),
(61,'manan','manan@yahoo.com','34 e1 florida', 132331278083),
(62, 'jawad','jawad23@jik.com','34 t2 E 7 shaiwal',930232323),
 (63,'Abdullah','abdullah123@hy.com','123 D3 wpada town lahore',0234132123 ),
(64,'ali','aliahmad123@hmail.com','23 f1 dha phase 3 lahore',09872312231),
(65,'riaz','raiz@rt.com','121 D9 bharia town sector 4 karachi', 032332323),
(66, 'annas','annas34@jik.com','34 t2 E 11 islamabad',930232323),
(67,'Abdul moed','abdullah123@hy.com','141 cantt lahore',02341233480328),
(68,'aliakram','aliakram123@hmail.com','23 tower 33 emmar dha phase 8 karachi',0987243242331),
(69,'fiaz','faiz@yahoo.com','121  b1 bharia town sector 2 lahore', 032331278083),
(71, 'danish','danish34@jik.com','34 t2 E 7 austia',930232323),
(72,'manan','manan@yahoo.com','34 e1 florida', 132331278083),
(73, 'jawad','jawad23@jik.com','34 t2 E 7 shaiwal',930232323),
 (873,'Abdullah','abdullah123@hy.com','123 D3 wpada town lahore',0234132123 ),
(51,'ali','aliahmad123@hmail.com','23 f1 dha phase 3 lahore',09872312231),
(52,'riaz','raiz@rt.com','121 D9 bharia town sector 4 karachi', 032332323),
(54, 'annas','annas34@jik.com','34 t2 E 11 islamabad',930232323),
(55,'Abdul moed','abdullah123@hy.com','141 cantt lahore',02341233480328),
(56,'aliakram','aliakram123@hmail.com','23 tower 33 emmar dha phase 8 karachi',0987243242331),
(57,'fiaz','faiz@yahoo.com','121  b1 bharia town sector 2 lahore', 032331278083),
(58, 'danish','danish34@jik.com','34 t2 E 7 austia',930232323),
(59,'manan','manan@yahoo.com','34 e1 florida', 132331278083),
(101, 'jawad','jawad23@jik.com','34 t2 E 7 shaiwal',930232323),
 (41,'Abdullah','abdullah123@hy.com','123 D3 wpada town lahore',0234132123 ),
(42,'ali','aliahmad123@hmail.com','23 f1 dha phase 3 lahore',09872312231),
(43,'riaz','raiz@rt.com','121 D9 bharia town sector 4 karachi', 032332323),
(44, 'annas','annas34@jik.com','34 t2 E 11 islamabad',930232323),
(45,'Abdul moed','abdullah123@hy.com','141 cantt lahore',02341233480328),
(46,'aliakram','aliakram123@hmail.com','23 tower 33 emmar dha phase 8 karachi',0987243242331),
(47,'fiaz','faiz@yahoo.com','121  b1 bharia town sector 2 lahore', 032331278083),
(48, 'danish','danish34@jik.com','34 t2 E 7 austia',930232323),
(49,'manan','manan@yahoo.com','34 e1 florida', 132331278083),
(109, 'jawad','jawad23@jik.com','34 t2 E 7 shaiwal',930232323),
 (21,'Abdullah','abdullah123@hy.com','123 D3 wpada town lahore',0234132123 ),
(22,'ali','aliahmad123@hmail.com','23 f1 dha phase 3 lahore',09872312231),
(23,'riaz','raiz@rt.com','121 D9 bharia town sector 4 karachi', 032332323),
(24, 'annas','annas34@jik.com','34 t2 E 11 islamabad',930232323),
(25,'Abdul moed','abdullah123@hy.com','141 cantt lahore',02341233480328),
(26,'aliakram','aliakram123@hmail.com','23 tower 33 emmar dha phase 8 karachi',0987243242331),
(27,'fiaz','faiz@yahoo.com','121  b1 bharia town sector 2 lahore', 032331278083),
(28, 'danish','danish34@jik.com','34 t2 E 7 austia',930232323),
(247,'manan','manan@yahoo.com','34 e1 florida', 132331278083),
(288, 'jawad','jawad23@jik.com','34 t2 E 7 shaiwal',930232323)


create table Cus 
(
Cus_id int primary key,
Cus_phoneNo varchar(50),
Cus_Name varchar(50),
Cus_Address varchar(50),
Cus_Email varchar(50)
)
insert into Cus (
Cus_id ,Cus_phoneNo ,Cus_Name ,Cus_Address ,Cus_Email )
values (02, 382983213,'arsalan','forest pines murree ', 'tyr12@gmail.com'),
(63, 011983213,'arsal','123 tr australia', '4rttd@gmail.com'),
(64, 38234313,'arsalan khan','valadivistok russsia', 'fgdgd12@gmail.com'),
(65, 3288956213,'mohsin','11th street cape town ', 'ttuui12@gmail.com'),
(66, 0714613,'khizer','lossimouth uk', 'khizer2@gmail.com'),
(67, 04582983213,'alibutt','c block uk', 'alibutt12@gmail.com'),
(68, 01283213,'haris','33 n block wapda town phase 4', 'haris12@gmail.com'),
(69, 300983213,'ahmadazeem','uyr bharia phase 4', 'ahmadmalik12@gmail.com'),
(51, 001983213,'kaviv','34a j city munich ', 'kkl12@gmail.com'),
(52, 382983213,'arsalan','forest pines murree ', 'tyr12@gmail.com'),
(53, 011983213,'arsal','123 tr australia', '4rttd@gmail.com'),
(54, 38234313,'arsalan khan','valadivistok russsia', 'fgdgd12@gmail.com'),
(55, 3288956213,'mohsin','11th street cape town ', 'ttuui12@gmail.com'),
(56, 0714613,'khizer','lossimouth uk', 'khizer2@gmail.com'),
(57, 04582983213,'alibutt','c block uk', 'alibutt12@gmail.com'),
(58, 01283213,'haris','33 n block wapda town phase 4', 'haris12@gmail.com'),
(59, 300983213,'ahmadazeem','uyr bharia phase 4', 'ahmadmalik12@gmail.com'),
(41, 001983213,'kaviv','34a j city munich ', 'kkl12@gmail.com'),
(42, 382983213,'arsalan','forest pines murree ', 'tyr12@gmail.com'),
(43, 011983213,'arsal','123 tr australia', '4rttd@gmail.com'),
(44, 38234313,'arsalan khan','valadivistok russsia', 'fgdgd12@gmail.com'),
(45, 3288956213,'mohsin','11th street cape town ', 'ttuui12@gmail.com'),
(46, 0714613,'khizer','lossimouth uk', 'khizer2@gmail.com'),
(47, 04582983213,'alibutt','c block uk', 'alibutt12@gmail.com'),
(48, 01283213,'haris','33 n block wapda town phase 4', 'haris12@gmail.com'),
(49, 300983213,'ahmadazeem','uyr bharia phase 4', 'ahmadmalik12@gmail.com'),
(31, 001983213,'kaviv','34a j city munich ', 'kkl12@gmail.com'),
(32, 382983213,'arsalan','forest pines murree ', 'tyr12@gmail.com'),
(33, 011983213,'arsal','123 tr australia', '4rttd@gmail.com'),
(34, 38234313,'arsalan khan','valadivistok russsia', 'fgdgd12@gmail.com'),
(35, 3288956213,'mohsin','11th street cape town ', 'ttuui12@gmail.com'),
(36, 0714613,'khizer','lossimouth uk', 'khizer2@gmail.com'),
(37, 04582983213,'alibutt','c block uk', 'alibutt12@gmail.com'),
(38, 01283213,'haris','33 n block wapda town phase 4', 'haris12@gmail.com'),
(39, 300983213,'ahmadazeem','uyr bharia phase 4', 'ahmadmalik12@gmail.com'),
(21, 001983213,'kaviv','34a j city munich ', 'kkl12@gmail.com'),
(22, 382983213,'arsalan','forest pines murree ', 'tyr12@gmail.com'),
(23, 011983213,'arsal','123 tr australia', '4rttd@gmail.com'),
(24, 38234313,'arsalan khan','valadivistok russsia', 'fgdgd12@gmail.com'),
(25, 3288956213,'mohsin','11th street cape town ', 'ttuui12@gmail.com'),
(26, 0714613,'khizer','lossimouth uk', 'khizer2@gmail.com'),
(27, 04582983213,'alibutt','c block uk', 'alibutt12@gmail.com'),
(28, 01283213,'haris','33 n block wapda town phase 4', 'haris12@gmail.com'),
(29, 300983213,'ahmadazeem','uyr bharia phase 4', 'ahmadmalik12@gmail.com'),
(11, 001983213,'kaviv','34a j city munich ', 'kkl12@gmail.com'),
(12, 382983213,'arsalan','forest pines murree ', 'tyr12@gmail.com'),
(13, 011983213,'arsal','123 tr australia', '4rttd@gmail.com'),
(14, 38234313,'arsalan khan','valadivistok russsia', 'fgdgd12@gmail.com'),
(15, 3288956213,'mohsin','11th street cape town ', 'ttuui12@gmail.com'),
(16, 0714613,'khizer','lossimouth uk', 'khizer2@gmail.com'),
(17, 04582983213,'alibutt','c block uk', 'alibutt12@gmail.com'),
(18, 01283213,'haris','33 n block wapda town phase 4', 'haris12@gmail.com'),
(19, 300983213,'ahmadazeem','uyr bharia phase 4', 'ahmadmalik12@gmail.com'),
(111, 001983213,'kaviv','34a j city munich ', 'kkl12@gmail.com')

create table category
(
cat_id int primary key,
cat_Name varchar(50) 
)
insert into category 
(
cat_id , 
cat_Name  
)
values (01,'elec'),
(02,'wooden'),
(03,'utensil'),
(04,'food'),
(05,'furniture'),
(06,'jewlery'),
(07,'sports'),
(08,'clothes'),
(09,'shoes'),
(10,'lubricants')
drop table product
create table product
(Pro_id int primary key,
sell_id int foreign key references seller(sell_id),
 pro_Name varchar(50),
 cat_id int foreign key references category(cat_id),
 pro_price decimal(10,2),
 pro_description varchar(150),
 PRO_BRAND VARCHAR(50),
PRO_reviews VARCHAR(50),
PRO_color varchar(50),
 PRO_ratings int
 )

 insert into product
 (
pro_id ,
pro_Name ,
cat_id ,
pro_price ,
pro_description ,
PRO_BRAND ,
PRO_reviews ,
PRO_color ,
PRO_ratings,
sell_id 
 )


 values 

(2,'sofa max',5, 450 , ' soft and comfortable','larrypage', 'amazing!!',' blue', 5,5 ) ,
(3,'apple macbook air',1, 1600 , ' latest mac','apple', 'amazing!!','sirea blue', 5,7 )
 ,(4,'milk',4, 1.02 , ' pure milk','jp dairy', 'amazing!!','sirea blue', 5,32 )
 ,(5,'Iphone 13 pro ',1, 1099 , ' latest apple launched iphone. os ios 15. 3 cameras','apple', 'amazing!!','sirea blue', 4,3 )
 ,(6,'Iphone 13 ',1, 899 , ' latest apple launched iphone. os ios 15. 3 cameras','apple', 'amazing!!','sirea blue', 4,33 )
 ,(7,'neckles set',6, 1200 , ' pure gold ','goldary', 'amazing!!','golden', 4.5 ,34)
,(8,'car-oil',10, 3.5 , ' pure','rolex', 'amazing!!','grey', '5',6 )
,(9,'nike jordan sneakers',9, 350 , ' original ','nike', 'amazing!!','sirea blue', 3,35 )
,(10,'jacket leather',8, 1300 , ' italian crafted leather','luios vitton', 'amazing!!','jet black', 3 ,43),
(11,'Iphone 13 pro max',1, 1200 , ' latest apple launched iphone. os ios 15. 3 cameras','apple', 'amazing!!','sirea blue', 3,44 )

,(12,'sofa max',5, 450 , ' soft and comfortable','larrypage', 'amazing!!',' blue', 3, 4) ,
(13,'apple macbook air',1, 1600 , ' latest mac','apple', 'amazing!!','sirea blue', 3,5 )
 ,(14,'milk',4, 1.02 , ' pure milk','jp dairy', 'amazing!!','sirea blue', 3 ,7)
 ,(15,'Iphone 13 pro ',1, 1099 , ' latest apple launched iphone. os ios 15. 3 cameras','apple', 'amazing!!','sirea blue', 3,32 )
 ,(16,'Iphone 13 ',1, 899 , ' latest apple launched iphone. os ios 15. 3 cameras','apple', 'amazing!!','sirea blue', 3,33 )
 ,(17,'neckles set',6, 1200 , ' pure gold ','goldary', 'amazing!!','golden', 3 ,34)
,(18,'car-oil',10, 3.5 , ' pure','rolex', 'amazing!!','grey', 3,35 )
,(19,'nike jordan sneakers',9, 350 , ' original ','nike', 'amazing!!','sirea blue', 3,43 )
,(20,'jacket leather',8, 1300 , ' italian crafted leather','luios vitton', 'amazing!!','jet black', 3,44 ),
(21,'Iphone 13 pro max',1, 1200 , ' latest apple launched iphone. os ios 15. 3 cameras','apple', 'amazing!!','sirea blue', 3,45 ),
(22,'sofa max',5, 450 , ' soft and comfortable','larrypage', 'amazing!!',' blue', 3,6 ) ,
(23,'apple macbook air',1, 1600 , ' latest mac','apple', 'amazing!!','sirea blue', 3,7 )
 ,(24,'milk',4, 1.02 , ' pure milk','jp dairy', 'amazing!!','sirea blue', 3,32 )
 ,(25,'Iphone 13 pro ',1, 1099 , ' latest apple launched iphone. os ios 15. 3 cameras','apple', 'amazing!!','sirea blue', 3,33 )
 ,(26,'Iphone 13 ',1, 899 , ' latest apple launched iphone. os ios 15. 3 cameras','apple', 'amazing!!','sirea blue', 3,34 )
 ,(27,'neckles set',6, 1200 , ' pure gold ','goldary', 'amazing!!','golden', 3 ,35)
,(28,'car-oil',10, 3.5 , ' pure','rolex', 'amazing!!','grey', 3,65 )
,(29,'nike jordan sneakers',9, 350 , ' original ','nike', 'amazing!!','sirea blue', 3,43 )
,(30,'jacket leather',8, 1300 , ' italian crafted leather','luios vitton', 'amazing!!','jet black', 3,44 ),
(31,'Iphone 13 pro max',1, 1200 , ' latest apple launched iphone. os ios 15. 3 cameras','apple', 'amazing!!','sirea blue', 3,45 ),
(32,'sofa max',5, 450 , ' soft and comfortable','larrypage', 'amazing!!',' blue', 3,61 ) ,
(33,'apple macbook air',1, 1600 , ' latest mac','apple', 'amazing!!','sirea blue', 3 ,62)
 ,(34,'milk',4, 1.02 , ' pure milk','jp dairy', 'amazing!!','sirea blue', 3,63 )
 ,(35,'Iphone 13 pro ',1, 1099 , ' latest apple launched iphone. os ios 15. 3 cameras','apple', 'amazing!!','sirea blue', 3,64 )
 ,(36,'Iphone 13 ',1, 899 , ' latest apple launched iphone. os ios 15. 3 cameras','apple', 'amazing!!','sirea blue', 3,65 )
 ,(37,'neckles set',6, 1200 , ' pure gold ','goldary', 'amazing!!','golden', 3 ,66)
,(38,'car-oil',10, 3.5 , ' pure','rolex', 'amazing!!','grey', 3 ,67)
,(39,'nike jordan sneakers',9, 350 , ' original ','nike', 'amazing!!','sirea blue', 3,68 )
,(40,'jacket leather',8, 1300 , ' italian crafted leather','luios vitton', 'amazing!!','jet black', 3,69 ),
(41,'Iphone 13 pro max',1, 1200 , ' latest apple launched iphone. os ios 15. 3 cameras','apple', 'amazing!!','sirea blue', 3,71 ),
(42,'sofa max',5, 450 , ' soft and comfortable','larrypage', 'amazing!!',' blue', 3 ,61) ,
(43,'apple macbook air',1, 1600 , ' latest mac','apple', 'amazing!!','sirea blue', 3 ,62)
 ,(44,'milk',4, 1.02 , ' pure milk','jp dairy', 'amazing!!','sirea blue', 3 ,63)
 ,(45,'Iphone 13 pro ',1, 1099 , ' latest apple launched iphone. os ios 15. 3 cameras','apple', 'amazing!!','sirea blue', 3,64 )
 ,(46,'Iphone 13 ',1, 899 , ' latest apple launched iphone. os ios 15. 3 cameras','apple', 'amazing!!','sirea blue', 3 ,65)
 ,(47,'neckles set',6, 1200 , ' pure gold ','goldary', 'amazing!!','golden', 3 ,66)
,(48,'car-oil',10, 3.5 , ' pure','rolex', 'amazing!!','grey', 3 ,67)
,(49,'nike jordan sneakers',9, 350 , ' original ','nike', 'amazing!!','sirea blue', 3,68 )
,(50,'jacket leather',8, 1300 , ' italian crafted leather','luios vitton', 'amazing!!','jet black', 3,69 ),
(51,'Iphone 13 pro max',1, 1200 , ' latest apple launched iphone. os ios 15. 3 cameras','apple', 'amazing!!','sirea blue', 3,71 ),
(52,'sofa max',5, 450 , ' soft and comfortable','larrypage', 'amazing!!',' blue', 3,61 ) ,
(53,'apple macbook air',1, 1600 , ' latest mac','apple', 'amazing!!','sirea blue', 3, 62)
 ,(54,'milk',4, 1.02 , ' pure milk','jp dairy', 'amazing!!','sirea blue', 3,63 )
 ,(55,'Iphone 13 pro ',1, 1099 , ' latest apple launched iphone. os ios 15. 3 cameras','apple', 'amazing!!','sirea blue', 3,64 )
 ,(56,'Iphone 13 ',1, 899 , ' latest apple launched iphone. os ios 15. 3 cameras','apple', 'amazing!!','sirea blue', 3 ,65)
 ,(57,'neckles set',6, 1200 , ' pure gold ','goldary', 'amazing!!','golden', 3 ,66)
,(58,'car-oil',10, 3.5 , ' pure','rolex', 'amazing!!','grey', 3 ,67)
,(59,'nike jordan sneakers',9, 350 , ' original ','nike', 'amazing!!','sirea blue', 3,68 )
,(60,'jacket leather',8, 1300 , ' italian crafted leather','luios vitton', 'amazing!!','jet black', 3,69 )
drop table trending

 create table trending(
 BSR int primary key,
 pro_id int foreign key references product(pro_id),
 )

 insert into trending(BSR ,pro_id  
 )values (1,2),(2,2),(3,10),(4,34),(5,2),(6,2)
 ,(7,2),(8,2),(9,2),(10,2),(11,2),(12,55),(13,34),(14,22),(15,22)




create table chat(
Sell_id int foreign key references Seller(Sell_id),
Cus_id int foreign key references Cus(Cus_id),
datee date,
timee time,
sender varchar(20),
message1 nvarchar(500)
select *from chat
)
insert into chat(Sell_id,Cus_id,datee,timee,sender,message1)values(6,22,'6/14/2022','13:23:24','customer','Hello'),
(11,21,'6/18/2022','13:23:24','customer','Hello'),
(18,22,'3/19/2022','13:23:24','customer','hi'),
(44,22,'12/17/2022','13:23:24','customer','bye'),
(41,20,'5/24/2022','13:23:24','customer','Asalam o lae kum'),
(42,19,'7/21/2022','13:23:24','customer','Walekum aasalam'),
(43,22,'6/30/2022','13:23:24','customer','Hello'),
(48,45,'2/9/2022','13:23:24','customer','Hello'),
(33,41,'9/7/2022','13:23:24','customer','Hello'),
(31,23,'10/9/2022','13:23:24','customer','Hello'),
(34,32,'11/3/2022','13:23:24','customer','Hey'),
(11,21,'6/18/2022','13:23:24','customer','Hello'),
(18,22,'3/19/2022','13:23:24','customer','hi'),
(44,22,'12/17/2022','13:23:24','customer','bye'),
(41,20,'5/24/2022','13:23:24','customer','Asalam o lae kum'),
(42,19,'7/21/2022','13:23:24','customer','Walekum aasalam'),
(43,22,'6/30/2022','13:23:24','customer','Hello'),
(48,45,'2/9/2022','13:23:24','customer','Hello'),
(33,41,'9/7/2022','13:23:24','customer','Hello'),
(31,23,'10/9/2022','13:23:24','customer','Hello'),
(34,32,'11/3/2022','13:23:24','customer','Hey'),

(11,21,'6/18/2022','13:23:24','customer','Hello'),
(18,22,'3/19/2022','13:23:24','customer','hi'),
(44,22,'12/17/2022','13:23:24','customer','bye'),
(41,20,'5/24/2022','13:23:24','customer','Asalam o lae kum'),
(42,19,'7/21/2022','13:23:24','customer','Walekum aasalam'),
(43,22,'6/30/2022','13:23:24','customer','Hello'),
(48,45,'2/9/2022','13:23:24','customer','Hello'),
(33,41,'9/7/2022','13:23:24','customer','Hello'),
(31,23,'10/9/2022','13:23:24','customer','Hello'),
(34,32,'11/3/2022','13:23:24','customer','Hey'),

(11,21,'6/18/2022','13:23:24','customer','Hello'),
(18,22,'3/19/2022','13:23:24','customer','hi'),
(44,22,'12/17/2022','13:23:24','customer','bye'),
(41,20,'5/24/2022','13:23:24','customer','Asalam o lae kum'),
(42,19,'7/21/2022','13:23:24','customer','Walekum aasalam'),
(43,22,'6/30/2022','13:23:24','customer','Hello'),
(48,45,'2/9/2022','13:23:24','customer','Hello'),
(33,41,'9/7/2022','13:23:24','customer','Hello'),
(31,23,'10/9/2022','13:23:24','customer','Hello'),
(34,32,'11/3/2022','13:23:24','customer','Hey')
create table cart(
Cus_id int foreign key references Cus(Cus_id),
product int foreign key references product(pro_id),
quantity int
 )
 insert into cart(Cus_id,product,quantity)values(38,23,3),(34,23,3),
  (33,23,3),(38,2,3),(34,59,3),(47,60,3),
 (11,23,3),(28,21,3),(34,33,3),(41,1,3),
 (14,23,3),(24,29,3),(41,39,3),(27,7,3),
 (53,4,3),(52,49,3),(44,23,3),(24,23,3),
 (33,23,3),(38,2,3),(34,59,3),(47,60,3),
 (11,23,3),(28,21,3),(34,33,3),(41,1,3),
 (14,23,3),(24,29,3),(41,39,3),(27,7,3),
 (53,4,3),(52,49,3),(44,23,3),(24,23,3),(33,23,3),(38,2,3),(34,59,3),(47,60,3),
 (11,23,3),(28,21,3),(34,33,3),(41,1,3),
 (14,23,3),(24,29,3),(41,39,3),(27,7,3),
 (53,4,3),(52,49,3),(44,23,3),(24,23,3),
 (33,23,3),(38,2,3),(34,59,3),(47,60,3),
 (11,23,3),(28,21,3),(34,33,3),(41,1,3),
 (14,23,3),(24,29,3),(41,39,3),(27,7,3)

 Begin Transaction T10

INSERT INTO Trending (BSR ,pro_id)
VALUES (300,130100);
if @@ERROR>0 begin rollback transaction t10 end
else begin commit transaction t10 end


Begin Transaction T10
INSERT INTO Trending (BSR ,pro_id)
VALUES (16,21);
if @@ERROR>0 begin rollback transaction t10  end
else begin commit transaction t10 end





 create view [ProductsNO1](CategoryN,Number)
 as select c.cat_name,count(s.cat_id) from category as c,product as s where c.cat_id=s.cat_id group by c.cat_Name

 select* from ProductsNO1

 Select * from product where pro_price between  450 and 1200

 Select distinct Sell_name, pro_Name From Seller as S inner join product as p on S.Sell_id = p.sell_id

select s.sell_name,c.cus_name,m.datee
from chat as m inner join Cus as c 
on m.Cus_id=c.Cus_id  inner join Seller as s on s.Sell_id=c.Cus_id and m.sender='seller'


select top 5 t.BSR,p.pro_Name,p.PRO_ratings from trending as t inner join product as p on p.Pro_id=t.pro_id

select cs.Cus_Name,sum(p.pro_price*c.quantity) 
as Total_price,p.pro_name,sum(c.quantity) as Quantity from product as p 
inner join cart as c on c.product=p.Pro_id and Cus_id=38  inner join cus as cs on cs.Cus_id=c.cus_id group by pro_Name,Cus_Name

select * from cart
select *from product